timestamp,event,detail
2026-05-07T17:30:32,dashboard_view,
2026-05-07T17:31:46,dashboard_view,
2026-05-07T17:31:53,diagnosis_view,
2026-05-07T17:32:03,diagnosis_view,
2026-05-07T17:33:07,diagnosis_view,
2026-05-07T17:33:22,diagnosis_view,
2026-05-07T17:33:25,diagnosis_view,
2026-05-07T17:33:27,diagnosis_view,
2026-05-07T17:33:27,diagnosis_view,
2026-05-07T17:33:32,diagnosis_view,
2026-05-07T17:33:35,diagnosis_view,
2026-05-07T17:33:44,diagnosis_view,
2026-05-07T17:33:48,diagnosis_view,
2026-05-07T17:33:54,assistant_view,
2026-05-07T17:36:23,assistant_view,
2026-05-07T17:36:33,kb_view,
2026-05-07T17:36:36,batch_inference_view,
2026-05-07T17:36:38,logs_view,
2026-05-07T17:36:44,kb_view,
2026-05-07T17:36:45,assistant_view,
2026-05-07T17:36:46,reports_view,
2026-05-07T17:36:48,diagnosis_view,
2026-05-07T17:36:51,reports_view,
2026-05-07T17:36:59,assistant_view,
2026-05-07T17:37:20,logs_view,
2026-05-07T17:37:22,batch_inference_view,
2026-05-07T17:37:27,dashboard_view,
2026-05-07T17:39:37,kb_view,
2026-05-07T17:39:37,assistant_view,
2026-05-07T17:40:00,assistant_view,
2026-05-07T17:42:26,assistant_view,
2026-05-07T17:45:37,assistant_view,
2026-05-07T17:45:51,assistant_view,
2026-05-07T17:45:53,assistant_view,
2026-05-07T17:46:09,assistant_view,
2026-05-07T17:46:28,assistant_view,
2026-05-07T17:46:28,assistant_view,
2026-05-07T17:47:56,logs_view,
2026-05-07T17:47:57,logs_view,
2026-05-07T17:47:57,batch_inference_view,
2026-05-07T17:47:59,kb_view,
2026-05-07T17:48:00,reports_view,
2026-05-07T17:48:00,kb_view,
2026-05-07T17:51:15,assistant_view,
2026-05-07T17:51:17,reports_view,
2026-05-07T17:51:18,diagnosis_view,
2026-05-07T17:51:19,dashboard_view,
2026-05-07T17:51:25,diagnosis_view,
2026-05-07T17:51:26,reports_view,
2026-05-07T17:51:27,assistant_view,
2026-05-07T17:51:28,kb_view,
2026-05-07T17:51:29,logs_view,
2026-05-07T17:51:30,batch_inference_view,
2026-05-07T17:51:32,assistant_view,
2026-05-07T17:51:34,batch_inference_view,
2026-05-07T17:51:34,logs_view,
2026-05-07T17:51:35,kb_view,
2026-05-07T17:51:36,assistant_view,
2026-05-07T17:51:37,reports_view,
2026-05-07T17:51:37,diagnosis_view,
2026-05-07T17:51:38,dashboard_view,
2026-05-07T17:51:49,assistant_view,
2026-05-07T17:51:58,kb_view,
2026-05-07T17:52:00,logs_view,
2026-05-07T17:52:01,batch_inference_view,
2026-05-07T17:52:02,dashboard_view,
2026-05-07T17:52:04,assistant_view,
2026-05-07T17:52:05,kb_view,
2026-05-07T17:52:19,assistant_view,
2026-05-07T17:52:20,reports_view,
2026-05-07T17:52:20,diagnosis_view,
2026-05-07T17:52:21,dashboard_view,
2026-05-07T17:52:22,logs_view,
2026-05-07T17:52:22,kb_view,
2026-05-07T17:52:23,batch_inference_view,
2026-05-07T17:52:25,assistant_view,
2026-05-07T19:38:18,logs_view,
2026-05-07T19:38:19,kb_view,
2026-05-07T19:38:20,batch_inference_view,
2026-05-07T19:38:21,reports_view,
2026-05-07T19:38:22,diagnosis_view,
2026-05-07T19:38:22,dashboard_view,
2026-05-07T19:38:23,assistant_view,
2026-05-07T19:38:24,batch_inference_view,
2026-05-07T19:38:25,logs_view,
2026-05-07T19:38:25,kb_view,
2026-05-07T19:38:26,assistant_view,
2026-05-07T19:38:27,diagnosis_view,
2026-05-07T19:38:28,reports_view,
2026-05-07T19:38:30,dashboard_view,
2026-05-07T21:20:08,dashboard_view,
2026-05-07T21:20:10,diagnosis_view,
2026-05-07T21:20:12,dashboard_view,
2026-05-07T21:20:24,reports_view,
2026-05-07T21:20:26,diagnosis_view,
2026-05-07T21:20:28,dashboard_view,
2026-05-07T21:20:35,diagnosis_view,
2026-05-07T21:20:35,reports_view,
2026-05-07T21:20:38,assistant_view,
2026-05-07T21:20:43,logs_view,
2026-05-07T21:20:45,assistant_view,
2026-05-07T21:20:45,kb_view,
2026-05-07T21:20:49,assistant_view,
2026-05-07T21:20:55,dashboard_view,
2026-05-07T21:21:08,diagnosis_view,
2026-05-07T21:21:11,dashboard_view,
2026-05-07T21:22:10,dashboard_view,
2026-05-07T21:22:12,reports_view,
2026-05-07T21:22:12,logs_view,
2026-05-07T21:22:12,reports_view,
2026-05-07T21:22:14,dashboard_view,
2026-05-07T21:23:28,dashboard_view,
2026-05-07T21:23:30,diagnosis_view,
2026-05-07T21:23:31,dashboard_view,
2026-05-07T21:23:32,dashboard_view,
2026-05-07T21:24:04,dashboard_view,
2026-05-07T21:24:05,diagnosis_view,
2026-05-07T21:24:10,diagnosis_view,
2026-05-07T21:24:14,reports_view,
2026-05-07T21:24:20,assistant_view,
2026-05-07T21:24:25,kb_view,
2026-05-07T21:24:27,logs_view,
2026-05-07T21:24:28,batch_inference_view,
2026-05-07T21:24:30,dashboard_view,
2026-05-07T21:25:25,dashboard_view,
2026-05-07T21:25:48,dashboard_view,
2026-05-07T21:25:56,reports_view,
2026-05-07T21:25:57,kb_view,
2026-05-07T21:25:58,logs_view,
2026-05-07T21:25:59,kb_view,
2026-05-07T21:25:59,kb_view,
2026-05-07T21:26:00,diagnosis_view,
2026-05-07T21:26:02,dashboard_view,
2026-05-07T21:26:02,assistant_view,
2026-05-07T21:26:25,assistant_view,
2026-05-07T21:27:58,assistant_view,
2026-05-07T21:31:09,assistant_view,
2026-05-07T21:31:13,assistant_view,
2026-05-07T21:32:19,assistant_view,
2026-05-07T21:32:22,dashboard_view,
2026-05-07T21:32:25,diagnosis_view,
2026-05-07T21:32:34,diagnosis_view,
2026-05-07T21:32:57,diagnosis_view,
2026-05-07T21:33:08,reports_view,
2026-05-07T21:33:10,assistant_view,
2026-05-07T21:34:28,reports_view,
2026-05-07T21:34:29,assistant_view,
2026-05-07T21:34:30,kb_view,
2026-05-07T21:34:40,diagnosis_view,
2026-05-07T21:34:41,dashboard_view,
2026-05-07T21:34:50,batch_inference_view,
2026-05-07T21:34:54,batch_inference_view,
2026-05-07T21:34:54,batch_inference_view,
2026-05-07T21:34:57,batch_inference_view,
2026-05-07T21:35:39,assistant_view,
2026-05-07T21:35:49,assistant_view,
2026-05-07T21:35:50,assistant_view,
2026-05-07T21:36:50,assistant_view,
2026-05-07T21:36:50,assistant_view,
2026-05-07T21:37:10,assistant_view,
2026-05-07T21:37:11,assistant_view,
2026-05-07T21:39:36,assistant_view,
2026-05-07T21:39:37,assistant_view,
2026-05-07T21:40:43,assistant_view,
2026-05-07T21:40:44,assistant_view,
2026-05-07T21:41:19,assistant_view,
2026-05-07T21:41:19,assistant_view,
2026-05-07T21:41:23,assistant_view,
2026-05-07T21:41:28,assistant_view,
2026-05-07T21:41:28,assistant_view,
2026-05-07T21:44:42,assistant_view,
2026-05-07T21:44:45,assistant_view,
2026-05-07T21:44:58,dashboard_view,
2026-05-07T21:45:03,assistant_view,
2026-05-07T21:45:18,diagnosis_view,
2026-05-07T21:45:21,dashboard_view,
2026-05-07T21:45:31,diagnosis_view,
2026-05-07T21:45:34,diagnosis_view,
2026-05-07T21:45:40,reports_view,
2026-05-07T21:45:42,assistant_view,
2026-05-07T21:46:03,assistant_view,
2026-05-07T21:46:05,assistant_view,
2026-05-07T21:47:04,assistant_view,
2026-05-07T21:47:05,assistant_view,
2026-05-07T21:48:44,assistant_view,
2026-05-07T21:48:53,assistant_view,
2026-05-07T21:48:57,assistant_view,
2026-05-07T21:51:36,dashboard_view,
2026-05-07T21:52:50,dashboard_view,
2026-05-07T21:53:01,diagnosis_view,
2026-05-07T21:54:22,dashboard_view,
2026-05-07T21:54:34,dashboard_view,
2026-05-07T21:54:40,diagnosis_view,
2026-05-07T21:54:43,reports_view,
2026-05-07T21:54:50,assistant_view,
2026-05-07T21:54:57,kb_view,
2026-05-07T21:55:01,logs_view,
2026-05-07T21:55:03,dashboard_view,
2026-05-07T21:56:30,dashboard_view,
2026-05-07T21:56:37,diagnosis_view,
2026-05-07T21:57:22,diagnosis_view,
2026-05-07T21:57:27,assistant_view,
2026-05-07T21:58:32,assistant_view,
2026-05-07T21:58:37,reports_view,
2026-05-07T21:58:41,kb_view,
2026-05-07T21:58:44,assistant_view,
2026-05-07T21:59:17,kb_view,
2026-05-07T21:59:21,assistant_view,
2026-05-07T21:59:25,reports_view,
2026-05-07T21:59:27,dashboard_view,
2026-05-07T21:59:32,batch_inference_view,
2026-05-07T21:59:37,batch_inference_view,
2026-05-07T21:59:42,dashboard_view,
2026-05-08T04:30:13,dashboard_view,
2026-05-08T04:30:31,diagnosis_view,
2026-05-08T04:30:45,diagnosis_view,
2026-05-08T04:30:52,diagnosis_view,
2026-05-08T04:30:59,diagnosis_view,
2026-05-08T04:31:05,diagnosis_view,
2026-05-08T04:31:05,diagnosis_view,
2026-05-08T04:31:10,diagnosis_view,
2026-05-08T04:31:10,diagnosis_view,
2026-05-08T04:31:11,diagnosis_view,
2026-05-08T04:31:11,diagnosis_view,
2026-05-08T04:31:11,diagnosis_view,
2026-05-08T04:31:14,diagnosis_view,
2026-05-08T04:31:16,reports_view,
2026-05-08T04:31:28,assistant_view,
2026-05-08T04:32:14,assistant_view,
2026-05-08T04:32:18,assistant_view,
2026-05-08T04:32:28,assistant_view,
2026-05-08T04:32:29,assistant_view,
2026-05-08T04:32:33,kb_view,
2026-05-08T04:32:39,batch_inference_view,
2026-05-08T04:32:41,logs_view,
2026-05-08T04:32:48,diagnosis_view,
2026-05-08T04:32:51,reports_view,
2026-05-08T04:32:55,diagnosis_view,
2026-05-08T04:33:02,diagnosis_view,
2026-05-08T04:33:07,diagnosis_view,
2026-05-08T04:33:27,dashboard_view,
2026-05-08T04:39:02,diagnosis_view,
2026-05-08T04:39:06,diagnosis_view,
2026-05-08T04:39:10,diagnosis_view,
2026-05-08T04:39:24,reports_view,
2026-05-08T04:39:25,dashboard_view,
2026-05-08T05:09:09,reports_view,
2026-05-08T05:09:10,diagnosis_view,
2026-05-08T05:09:14,reports_view,
2026-05-08T06:26:58,reports_view,
